S.No,Name of the component,Location ,Category,Quantity
1,Sensor / Ultrasonic / HC-SR04,(to be labelled),Resuable,92
2,PCB Dot Board,SB3,,63
3,Prototype board,SB3,,3
4,Diodes,SD2,,
5,Buzzer,SA1,,9
6,Load sensor 50kg(strain gauge),SA1,,3
7,Load sensor 40kg,SA1,,1
8,Load sensor 10kg,SA1,,1
9,Load sensor 5kg,SA1,,3
10,ADC board,SA1,,2
11,Dust sensor,SA1,,3
12,Battery holder AA 2cells,SA2,,22
13,Battery holder AA 1 cell,SA2,,8
14,Battery holder AA 2cells,SA2,,10
15,Connector cable DC jack female ,SA2,,7
16,RS232,SD3,,7
17,RTC Module,SD3,,2
18,USB to TTL,SD3,,26
19,RS232 to TTL,SD3,,11
20,Heat sink(IC),SA3,,23
21,Converter board hdmi-hdmi,SA3,,5
22,Converter hdmi-dvi,SA3,,10
23,casing rpi,SA4,,9
24,casing rpi pico,SA4,,2
25,FRC cable ,SA5,,4
26,Rpi camera ,SA5,,1
27,Cable instrument test line,SB1,,4
28,ESD ground cord,SB1,,4
29,Grounding wrist wrap,SB1,,2
30,Banana cable ,SB1,,2
31,Banana connector,SB1,,1
32,LORA development kit,not labelled (SJ1),,12
33,DTMF Decoder,not labelled (SJ1),,7
34,dual motor driver,not labelled (SJ1),,3
35,bluetooth module,not labelled (SJ1),,25
36,zigbee module,not labelled (SJ1),,10
37,Shield (ethernet for arduino),SB2,,10
38,SHIELD for ardiuno L293d-r1,SB2,,2
39,SHIELD for ardiuno L293d,SB2,,3
40,sim 800 A,SB2,,3
41,sim 808 GSM-GPS modem ,SB2,,2
42,SIM 900 GSM,SB2,,2
43,ARDUINO GSM 2 SHIELD ,SB2,,1
44,PLC modem,SB5,,4
45,Weather shield,SB5,,1
46,Esp 12 development board,SB5,,3
47,can bus shield,SB5,,3
48,CNC shield,SB5,,3
49,Odroid xu4 shield,SB5,,4
50,Berge pins/male,SG2,,
51,Berge pins/female,SG2,,
52,IC Base,SG2,,
53,step up boost transformer,SC1,,1
54,Load sensor 20kg,SA1,,1
55,Step down,SC1,,2
54,BSM 2 s,SC1,,3
55,Voltage regulator ,SC1,,1
56,Rpi Gpio 40 pin cable ,SC2,,13
57,T shaped rpi extension board,SC2,,12
58, U shaped rpi extension board,SC2,,9
59,7 segment displa,SC4,,92
60,Rf 434 Mhz TX &rx ,SC4,,40
61,Shield  Xbee,SC4,,2
62,GPS receiver ,SC4,,3
63,GPS Shield,SC4,,1
64,Voltrage sensor,SI1,,7
65,Current sensor,SI1,,9
66,TTL RS 485 ,SI1,,2
67,Convertor DC-DC 5V ,SI1,,2
68,DC shunt ,SI1,,2
70,CAN /MSP2551,SI1,,4
71,Connector ferrule crimp ,SI4,,65
72,Connector DC jack male ,SI4,,27
73,Connector  3.5 mm jack ,SI4,,5
74,Banana plug,SI4,,3
75,Connector XLR female ,SI4,,5
76,Connector rs232,SI4,,19
77,Connector t plug ,SI4,,2
78,Connnector DC jack ,SI4,,26
79,Rtc module ,SD3,,10
80,USB ttl (fdti),SD3,,22
81,Mini USB ttl ,SD3,,3
82,Rs232 to ttl ,SD3,,7
83,Super debug rs232to ttl,SD3,,2
84,Touch sensor ,to be labelled,,20
85,Rfid kit,to be labelled,,14
86,Rfid kit,to be labelled,,12
87,Temperature sensor ,to be labelled,,2
88,Thermocouple,to be labelled,,4
89,wheel bearing,to be labelled,,2
90,fingerprint sensor,to be labelled,,2
91,piezo magnetic buzzer 3V,to be labelled,,135
92,DC buzzer ,to be labelled,,1
93,pressure sensor ,to be labelled,,1
94,diode brigde ,to be labelled,,3
99,PIR motion sensor,SH1,,30
100,Microphone sensor ,SH1,,19
101,Humidity sensor,SH1,,5
102,SD module(blue),SH1,,9
103,SD module(white),SH1,,72
104,Relay Hat,SG5,,5
105,HLK,SG5,,6
106,Relay ,SG5,,4
107,Horn relay,SG5,,1
108,HE Relay,SG5,,51
109,5v Relay,SG5,,4
110,HL,SG5,,37
111,Tongling,SG5,,4
112,DPDT,SD1,,33
113,DPDT(small),SD1,,15
114,Indicator switch,SD1,,60
115,Push button,SD1,,136
116,Fuse hoder,SD1,,9
117,Push button(Horn switch),SD1,,30
118,Toggle switch,SD1,,29
119,Keypad,SH4,,24
120,Digital touch sensor module,SH4,,2
121,RS PRO blue insulated female space connector,SH4,,57
122,Screw terminal 3pin,SH4,,32
123,Screw terminal 2pin,SH4,,54
124,potentiometer(1k),SG1,,73
125,potentiometer(100k),SG1,,60
126,potentiometer(10k),SG1,,217
127,potentiometer(5k),SG1,,2
128,potentiometer(470k),SG1,,2
129,potentiometer(47k),SG1,,17
130,potentiometer(22k),SG1,,21
131,potentiometer(220k),SG1,,14
132,potentiometer(50 ohm),SG1,,1
133,potentiometer(tm 1),SG1,,1
134,Nut,SG1,,65
135,Lora board,SH5,,5
136,GPS module,SH5,,2
137,Monitor board,SH5,,1
138,Transceiver module,SH5,,3
139,Adapter boars,SH5,,5
140,Joystick,To be labelled,,33
141,Transformer coil,To be labelled,,16
142,DC Toy Motor(12v),SG3,,4
143,Stepper motor (12v),SG3,,6
144,Stepper motor(5v),SG3,,41
145,DC motor,SG3,,99
146,Dual shaft BO motor,SG3,,26
147,Bi polar junction transistor,SH2,,28
150,ic,,,
152,Laser light cable,SH2,,32
153,Water sensor,SC3,,10
154,Raindrope module,SC3,,6
155,Reed switch magnetic control,SC3,,12
156,Linear hall magnetic,SC3,,2
157,Thermister sensor,SC3,,3
158,Touch sensor module,SC3,,1
159,LDR,SC3,,2
160,Soil moisture module,SC3,,35
161,Reed switch sensor,SC3,,3
162,NTC thermal,SC3,,1
164,Soil moisture sensor,,,33
165,Sensor Mpu6050,SD4,,77
166,Sensor color ,SD4,,9
167,Sensor axis /gyroscopic ,SD4,,31
168,Sensor- highly sensitive vibrational sensor,SD4,,6
169,Sensor- light intensity,SD4,,10
170,Sensor barometric,SD4,,1
171,Sensor - gyroscopic,SD4,,1
172,Motor driver module 30 A,SG5,,11
173,Motor driver module 15 A,SG5,,2
174,Motor driver stepper,SG5,,3
175,Motor driver stepper (small) ,SG5,,4
176,Motor Speed regulator,SG5,,5
177,Motor driver amp unknown,SG5,,10
178,Shield/ esp,SG5,,4
187,Gas sensor  mq 135,SD5,,23
188,MC 7,SD5,,12
189,Mc 6,SD5,,7
190,MC 4,SD5,,3
191,Gas sensor PCB,SD5,,1
192,MQ 3,SD5,,23
193,MQ 2,SD5,,19